{
	"format_version": "1.21.11",
	"credit": "Made with Blockbench",
	"texture_size": [32, 32],
	"textures": {
		"0": "mmsmp:item/hats/pig_hat",
		"particle": "mmsmp:item/hats/pig_hat"
	},
	"elements": [
		{
			"from": [4, 0, 3],
			"to": [7, 2, 7],
			"rotation": {"angle": 0, "axis": "y", "origin": [4, 0, 3]},
			"faces": {
				"north": {"uv": [5, 12, 6.5, 13], "texture": "#0"},
				"east": {"uv": [3, 12, 5, 13], "texture": "#0"},
				"south": {"uv": [12, 6, 13.5, 7], "texture": "#0"},
				"west": {"uv": [12, 3, 14, 4], "texture": "#0"},
				"up": {"uv": [12, 9.5, 10.5, 7.5], "texture": "#0"},
				"down": {"uv": [12, 9.5, 10.5, 11.5], "texture": "#0"}
			}
		},
		{
			"from": [5.4, 11, 5],
			"to": [10.6, 16, 10],
			"rotation": {"angle": 0, "axis": "y", "origin": [6, 11, 4]},
			"faces": {
				"north": {"uv": [8, 0, 10.5, 2.5], "texture": "#0"},
				"east": {"uv": [8, 2.5, 10.5, 5], "texture": "#0"},
				"south": {"uv": [8, 5, 10.5, 7.5], "texture": "#0"},
				"west": {"uv": [8, 7.5, 10.5, 10], "texture": "#0"},
				"up": {"uv": [6.5, 12, 4, 9.5], "texture": "#0"},
				"down": {"uv": [9, 10, 6.5, 12.5], "texture": "#0"}
			}
		},
		{
			"from": [6.65, 11.75, 4.35],
			"to": [9.35, 13.25, 5.35],
			"rotation": {"angle": 0, "axis": "y", "origin": [6, 10, 1.85]},
			"faces": {
				"north": {"uv": [9.5, 12.5, 10.75, 13.25], "texture": "#0"},
				"east": {"uv": [3, 11, 3.5, 11.75], "texture": "#0"},
				"south": {"uv": [11, 12.5, 12.25, 13.25], "texture": "#0"},
				"west": {"uv": [3.5, 11, 4, 11.75], "texture": "#0"},
				"up": {"uv": [7.75, 10, 6.5, 9.5], "texture": "#0"},
				"down": {"uv": [13.25, 11, 12, 11.5], "texture": "#0"}
			}
		},
		{
			"from": [4.2, 6.1, 5.175],
			"to": [7.2, 8.1, 9.725],
			"rotation": {"angle": -45, "axis": "x", "origin": [4.2, 6.1, 5.725]},
			"faces": {
				"north": {"uv": [12, 9, 13.5, 10], "texture": "#0"},
				"east": {"uv": [10.5, 11.5, 12.75, 12.5], "texture": "#0"},
				"south": {"uv": [12, 10, 13.5, 11], "texture": "#0"},
				"west": {"uv": [12, 0, 14.25, 1], "texture": "#0"},
				"up": {"uv": [10.5, 12.25, 9, 10], "texture": "#0"},
				"down": {"uv": [12, 0, 10.5, 2.25], "texture": "#0"}
			}
		},
		{
			"from": [8.8, 6.1, 5.175],
			"to": [11.8, 8.1, 9.725],
			"rotation": {"angle": -45, "axis": "x", "origin": [8.2, 6.1, 5.725]},
			"faces": {
				"north": {"uv": [6.5, 12.5, 8, 13.5], "texture": "#0"},
				"east": {"uv": [12, 1, 14.25, 2], "texture": "#0"},
				"south": {"uv": [8, 12.5, 9.5, 13.5], "texture": "#0"},
				"west": {"uv": [12, 2, 14.25, 3], "texture": "#0"},
				"up": {"uv": [12, 4.75, 10.5, 2.5], "texture": "#0"},
				"down": {"uv": [12, 5, 10.5, 7.25], "texture": "#0"}
			}
		},
		{
			"from": [9, 0, 3],
			"to": [12, 2, 7],
			"rotation": {"angle": 0, "axis": "y", "origin": [9, 0, 3]},
			"faces": {
				"north": {"uv": [12, 7, 13.5, 8], "texture": "#0"},
				"east": {"uv": [12, 4, 14, 5], "texture": "#0"},
				"south": {"uv": [12, 8, 13.5, 9], "texture": "#0"},
				"west": {"uv": [12, 5, 14, 6], "texture": "#0"},
				"up": {"uv": [1.5, 13, 0, 11], "texture": "#0"},
				"down": {"uv": [3, 11, 1.5, 13], "texture": "#0"}
			}
		},
		{
			"from": [4, 0.4, 7],
			"to": [12, 11, 11],
			"rotation": {"angle": 0, "axis": "y", "origin": [9, 1, 7]},
			"faces": {
				"north": {"uv": [0, 0, 4, 5.25], "texture": "#0"},
				"east": {"uv": [0, 5.5, 2, 10.75], "texture": "#0"},
				"south": {"uv": [4, 0, 8, 5.25], "texture": "#0"},
				"west": {"uv": [2, 5.5, 4, 10.75], "texture": "#0"},
				"up": {"uv": [8, 7.5, 4, 5.5], "texture": "#0"},
				"down": {"uv": [8, 7.5, 4, 9.5], "texture": "#0"}
			}
		}
	],
	"display": {
		"thirdperson_righthand": {
			"rotation": [15.25, 0, 0],
			"translation": [0, 2.25, 2],
			"scale": [0.33594, 0.33594, 0.33594]
		},
		"thirdperson_lefthand": {
			"rotation": [15.25, 0, 0],
			"translation": [0, 2.25, 2],
			"scale": [0.33594, 0.33594, 0.33594]
		},
		"firstperson_righthand": {
			"rotation": [156.42, 54.51, -156.84],
			"scale": [0.73828, 0.73828, 0.73828]
		},
		"firstperson_lefthand": {
			"rotation": [156.42, 54.51, -156.84],
			"scale": [0.73828, 0.73828, 0.73828]
		},
		"ground": {
			"rotation": [15.25, 0, 0],
			"translation": [0, 2.5, 2],
			"scale": [0.45117, 0.45117, 0.45117]
		},
		"gui": {
			"rotation": [-180, 0, -180],
			"translation": [0, -13, 0],
			"scale": [2.49414, 2.49414, 2.49414]
		},
		"head": {
			"translation": [0, 14.25, 0.5]
		},
		"fixed": {
			"translation": [0, 5.75, -11.75],
			"scale": [4, 4, 4]
		},
		"on_shelf": {
			"rotation": [180, 0, 180],
			"scale": [1.18359, 1.18359, 1.18359]
		}
	}
}