{
	"model": {
		"type": "minecraft:select",
		"property": "minecraft:custom_model_data",
		"cases": [
			{
				"when": "AJ_INTERNAL_EMPTY",
				"model": {
					"type": "minecraft:empty"
				}
			},
			{
				"when": "0",
				"model": {
					"type": "minecraft:model",
					"model": "animated_java:blueprint/present/0/item1",
					"tints": [
						{"type": "minecraft:dye", "default": [1, 1, 1]}
					]
				}
			},
			{
				"when": "1",
				"model": {
					"type": "minecraft:model",
					"model": "animated_java:blueprint/present/1/item1",
					"tints": [
						{"type": "minecraft:dye", "default": [1, 1, 1]}
					]
				}
			},
			{
				"when": "2",
				"model": {
					"type": "minecraft:model",
					"model": "animated_java:blueprint/present/2/item1",
					"tints": [
						{"type": "minecraft:dye", "default": [1, 1, 1]}
					]
				}
			},
			{
				"when": "3",
				"model": {
					"type": "minecraft:model",
					"model": "animated_java:blueprint/present/3/item1",
					"tints": [
						{"type": "minecraft:dye", "default": [1, 1, 1]}
					]
				}
			},
			{
				"when": "cardboard",
				"model": {
					"type": "minecraft:model",
					"model": "animated_java:blueprint/present/cardboard/item1",
					"tints": [
						{"type": "minecraft:dye", "default": [1, 1, 1]}
					]
				}
			},
			{
				"when": "wrapped_present",
				"model": {
					"type": "minecraft:model",
					"model": "animated_java:blueprint/present/wrapped_present/item1",
					"tints": [
						{"type": "minecraft:dye", "default": [1, 1, 1]}
					]
				}
			}
		],
		"fallback": {
			"type": "minecraft:model",
			"model": "animated_java:blueprint/present/item1",
			"tints": [
				{"type": "minecraft:dye", "default": [1, 1, 1]}
			]
		}
	}
}