{
	"textures": {
		"0": "animated_java:blueprint/present/present",
		"particle": "minecraft:item/pufferfish"
	},
	"display": {
		"head": {
			"rotation": [0, 180, 0]
		}
	},
	"elements": [
		{
			"from": [1, 8, 1],
			"to": [15, 13, 15],
			"rotation": {
				"angle": 0,
				"axis": "y",
				"origin": [2, 8, 2]
			},
			"faces": {
				"north": {
					"uv": [0, 0, 3.5, 1.25],
					"texture": "#0",
					"tintindex": 0
				},
				"east": {
					"uv": [3.5, 0, 0, 1.25],
					"texture": "#0",
					"tintindex": 0
				},
				"south": {
					"uv": [0, 0, 3.5, 1.25],
					"texture": "#0",
					"tintindex": 0
				},
				"west": {
					"uv": [3.5, 0, 0, 1.25],
					"texture": "#0",
					"tintindex": 0
				},
				"up": {
					"uv": [3.5, 0, 7, 3.5],
					"texture": "#0",
					"tintindex": 0
				},
				"down": {
					"uv": [3.5, 3.5, 7, 7],
					"texture": "#0",
					"tintindex": 0
				}
			}
		},
		{
			"from": [9, 13, 6.5],
			"to": [13, 17, 9.5],
			"rotation": {
				"angle": 12.5,
				"axis": "z",
				"origin": [9, 13, 8]
			},
			"faces": {
				"east": {
					"uv": [8.5, 0, 9.5, 0.75],
					"rotation": 90,
					"texture": "#0"
				},
				"west": {
					"uv": [8.5, 0, 9.5, 0.75],
					"rotation": 90,
					"texture": "#0"
				},
				"up": {
					"uv": [8.5, 0, 9.5, 0.75],
					"texture": "#0"
				},
				"down": {
					"uv": [8.5, 0, 9.5, 0.75],
					"texture": "#0"
				}
			}
		},
		{
			"from": [13, 17, 9.5],
			"to": [9, 13, 6.5],
			"rotation": {
				"angle": 12.5,
				"axis": "z",
				"origin": [9, 13, 8]
			},
			"faces": {
				"east": {
					"uv": [9.5, 0, 8.5, 0.75],
					"rotation": 90,
					"texture": "#0"
				},
				"west": {
					"uv": [9.5, 0, 8.5, 0.75],
					"rotation": 90,
					"texture": "#0"
				},
				"up": {
					"uv": [9.5, 0, 8.5, 0.75],
					"texture": "#0"
				},
				"down": {
					"uv": [9.5, 0, 8.5, 0.75],
					"texture": "#0"
				}
			}
		},
		{
			"from": [3, 13, 6.5],
			"to": [7, 17, 9.5],
			"rotation": {
				"angle": -12.5,
				"axis": "z",
				"origin": [7, 13, 8]
			},
			"faces": {
				"east": {
					"uv": [8.5, 0.75, 9.5, 0],
					"rotation": 90,
					"texture": "#0"
				},
				"west": {
					"uv": [8.5, 0.75, 9.5, 0],
					"rotation": 90,
					"texture": "#0"
				},
				"up": {
					"uv": [9.5, 0, 8.5, 0.75],
					"texture": "#0"
				},
				"down": {
					"uv": [9.5, 0, 8.5, 0.75],
					"texture": "#0"
				}
			}
		},
		{
			"from": [7, 17, 9.5],
			"to": [3, 13, 6.5],
			"rotation": {
				"angle": -12.5,
				"axis": "z",
				"origin": [7, 13, 8]
			},
			"faces": {
				"east": {
					"uv": [9.5, 0.75, 8.5, 0],
					"rotation": 90,
					"texture": "#0"
				},
				"west": {
					"uv": [9.5, 0.75, 8.5, 0],
					"rotation": 90,
					"texture": "#0"
				},
				"up": {
					"uv": [8.5, 0, 9.5, 0.75],
					"texture": "#0"
				},
				"down": {
					"uv": [8.5, 0, 9.5, 0.75],
					"texture": "#0"
				}
			}
		},
		{
			"from": [0.8, 7.8, 0.8],
			"to": [15.2, 13.2, 15.2],
			"rotation": {
				"angle": 0,
				"axis": "y",
				"origin": [2, 8, 2]
			},
			"faces": {
				"north": {
					"uv": [9.5, 0, 13, 1],
					"texture": "#0"
				},
				"east": {
					"uv": [9.5, 0, 13, 1],
					"texture": "#0"
				},
				"south": {
					"uv": [9.5, 0, 13, 1],
					"texture": "#0"
				},
				"west": {
					"uv": [9.5, 0, 13, 1],
					"texture": "#0"
				},
				"up": {
					"uv": [9.5, 1.25, 13, 4.75],
					"texture": "#0"
				},
				"down": {
					"uv": [9.5, 4.75, 13, 8.25],
					"texture": "#0"
				}
			}
		},
		{
			"from": [15.2, 13.2, 15.2],
			"to": [0.8, 7.8, 0.8],
			"rotation": {
				"angle": 0,
				"axis": "y",
				"origin": [2, 8, 2]
			},
			"faces": {
				"north": {
					"uv": [9.5, 1, 13, 0],
					"texture": "#0"
				},
				"east": {
					"uv": [9.5, 1, 13, 0],
					"texture": "#0"
				},
				"south": {
					"uv": [9.5, 1, 13, 0],
					"texture": "#0"
				},
				"west": {
					"uv": [9.5, 1, 13, 0],
					"texture": "#0"
				},
				"up": {
					"uv": [13, 4.75, 9.5, 8.25],
					"texture": "#0"
				},
				"down": {
					"uv": [13, 1.25, 9.5, 4.75],
					"texture": "#0"
				}
			}
		}
	]
}