{
	"format_version": "1.21.6",
	"credit": "Made with Blockbench",
	"texture_size": [64, 64],
	"textures": {
		"0": "mmsmp:item/hats/television",
		"1": "mmsmp:item/hats/tele_face",
		"particle": "mmsmp:item/hats/tele_face"
	},
	"elements": [
		{
			"from": [2, 0, 2],
			"to": [14, 10, 6],
			"rotation": {"angle": 0, "axis": "y", "origin": [3, -2, 8]},
			"faces": {
				"north": {"uv": [1, 5, 4, 7.5], "texture": "#0"},
				"east": {"uv": [0, 5, 1, 7.5], "texture": "#0"},
				"south": {"uv": [5, 5, 8, 7.5], "texture": "#0"},
				"west": {"uv": [4, 5, 5, 7.5], "texture": "#0"},
				"up": {"uv": [4, 5, 1, 4], "texture": "#0"},
				"down": {"uv": [7, 4, 4, 5], "texture": "#0"}
			}
		},
		{
			"from": [3, 0, 6],
			"to": [13, 9, 13],
			"rotation": {"angle": 0, "axis": "y", "origin": [3, -2, 8]},
			"faces": {
				"north": {"uv": [1.75, 1.75, 4.25, 4], "texture": "#0"},
				"east": {"uv": [0, 1.75, 1.75, 4], "texture": "#0"},
				"south": {"uv": [6, 1.75, 8.5, 4], "texture": "#0"},
				"west": {"uv": [4.25, 1.75, 6, 4], "texture": "#0"},
				"up": {"uv": [4.25, 1.75, 1.75, 0], "texture": "#0"},
				"down": {"uv": [6.75, 0, 4.25, 1.75], "texture": "#0"}
			}
		},
		{
			"from": [6, 9, 7],
			"to": [10, 10, 10],
			"rotation": {"angle": 0, "axis": "y", "origin": [3, -2, 8]},
			"faces": {
				"north": {"uv": [7.5, 0.75, 8.5, 1], "texture": "#0"},
				"east": {"uv": [6.75, 0.75, 7.5, 1], "texture": "#0"},
				"south": {"uv": [9.25, 0.75, 10.25, 1], "texture": "#0"},
				"west": {"uv": [8.5, 0.75, 9.25, 1], "texture": "#0"},
				"up": {"uv": [8.5, 0.75, 7.5, 0], "texture": "#0"},
				"down": {"uv": [9.5, 0, 8.5, 0.75], "texture": "#0"}
			}
		},
		{
			"from": [5, 9, 8],
			"to": [8, 17, 8],
			"rotation": {"angle": 22.5, "axis": "z", "origin": [7.5, 9, 8]},
			"faces": {
				"north": {"uv": [1.5, 7.5, 2.25, 9.5], "texture": "#0"},
				"east": {"uv": [1.5, 7.5, 1.5, 9.5], "texture": "#0"},
				"south": {"uv": [2.25, 7.5, 3, 9.5], "texture": "#0"},
				"west": {"uv": [2.25, 7.5, 2.25, 9.5], "texture": "#0"},
				"up": {"uv": [2.25, 7.5, 1.5, 7.5], "texture": "#0"},
				"down": {"uv": [3, 7.5, 2.25, 7.5], "texture": "#0"}
			}
		},
		{
			"from": [8, 9, 8],
			"to": [11, 17, 8],
			"rotation": {"angle": 0, "axis": "y", "origin": [9.5, 9, 8]},
			"faces": {
				"north": {"uv": [0, 7.5, 0.75, 9.5], "texture": "#0"},
				"east": {"uv": [0, 7.5, 0, 9.5], "texture": "#0"},
				"south": {"uv": [0.75, 7.5, 1.5, 9.5], "texture": "#0"},
				"west": {"uv": [0.75, 7.5, 0.75, 9.5], "texture": "#0"},
				"up": {"uv": [0.75, 7.5, 0, 7.5], "texture": "#0"},
				"down": {"uv": [1.5, 7.5, 0.75, 7.5], "texture": "#0"}
			}
		},
		{
			"from": [4, 2, 1.99],
			"to": [12, 8, 1.99],
			"rotation": {"angle": 0, "axis": "y", "origin": [4, 2, 0]},
			"faces": {
				"north": {"uv": [0, 0, 16, 12], "texture": "#1"},
				"south": {"uv": [2, 0, 4, 1.5], "texture": "#1"}
			}
		}
	],
	"display": {
		"thirdperson_righthand": {
			"translation": [0, 3, 1.5],
			"scale": [0.5, 0.5, 0.5]
		},
		"thirdperson_lefthand": {
			"translation": [0, 3, 1.5],
			"scale": [0.5, 0.5, 0.5]
		},
		"ground": {
			"translation": [0, 2, 0],
			"scale": [0.5, 0.5, 0.5]
		},
		"gui": {
			"rotation": [30, -135, 0],
			"translation": [0, 1.25, 0],
			"scale": [0.84, 0.84, 0.84]
		},
		"head": {
			"translation": [0, 5.25, 0.25],
			"scale": [1.57, 1.57, 1.57]
		}
	},
	"groups": [
		{
			"name": "hat",
			"origin": [8, -0.25, 8],
			"color": 0,
			"children": [
				0,
				1,
				2,
				{
					"name": "left",
					"origin": [7.5, 32.75, 8],
					"color": 0,
					"children": [3]
				},
				{
					"name": "right",
					"origin": [9.5, 32.75, 8],
					"color": 0,
					"children": [4]
				},
				5
			]
		}
	]
}