{
	"textures": {
		"0": "animated_java:blueprint/present/present",
		"particle": "minecraft:item/pufferfish"
	},
	"display": {
		"head": {
			"rotation": [0, 180, 0]
		}
	},
	"elements": [
		{
			"from": [10, 12, 10],
			"to": [6, 8, 6],
			"rotation": {
				"angle": 0,
				"axis": "y",
				"origin": [8, 10, 8]
			},
			"faces": {
				"north": {
					"uv": [8.25, 0.5, 8.5, 0.25],
					"texture": "#0"
				},
				"east": {
					"uv": [8.25, 0.5, 8.5, 0.25],
					"texture": "#0"
				},
				"south": {
					"uv": [8.25, 0.5, 8.5, 0.25],
					"texture": "#0"
				},
				"west": {
					"uv": [8.25, 0.5, 8.5, 0.25],
					"texture": "#0"
				},
				"up": {
					"uv": [8.5, 0.25, 8.25, 0.5],
					"texture": "#0"
				},
				"down": {
					"uv": [8.5, 0.25, 8.25, 0.5],
					"texture": "#0"
				}
			},
			"light_emission": 15
		},
		{
			"from": [6.4, 8.4, 6.4],
			"to": [9.6, 11.6, 9.6],
			"rotation": {
				"angle": 0,
				"axis": "y",
				"origin": [8, 10, 8]
			},
			"faces": {
				"north": {
					"uv": [8.25, 0, 8.5, 0.25],
					"texture": "#0"
				},
				"east": {
					"uv": [8.25, 0, 8.5, 0.25],
					"texture": "#0"
				},
				"south": {
					"uv": [8.25, 0, 8.5, 0.25],
					"texture": "#0"
				},
				"west": {
					"uv": [8.25, 0, 8.5, 0.25],
					"texture": "#0"
				},
				"up": {
					"uv": [8.25, 0, 8.5, 0.25],
					"texture": "#0"
				},
				"down": {
					"uv": [8.25, 0, 8.5, 0.25],
					"texture": "#0"
				}
			},
			"light_emission": 15
		}
	]
}