{
    "providers": [
        {
            "type": "bitmap",
            "file": "minecraft:gui/title/text_logo_01.png",
            "ascent": 40,
            "height": 60,
            "chars": [
                "\uEff1"
            ]
        },
        {
            "type": "bitmap",
            "file": "minecraft:gui/title/text_logo_02.png",
            "ascent": 40,
            "height": 60,
            "chars": [
                "\uEff2"
            ]
        },
        {
            "type": "bitmap",
            "file": "minecraft:gui/title/text_logo_03.png",
            "ascent": 40,
            "height": 60,
            "chars": [
                "\uEff3"
            ]
        },
        {
            "type": "bitmap",
            "file": "minecraft:gui/title/text_logo_04.png",
            "ascent": 40,
            "height": 60,
            "chars": [
                "\uEff4"
            ]
        },
        {
            "type": "bitmap",
            "file": "minecraft:gui/title/text_logo_04.png",
            "ascent": 40,
            "height": 60,
            "chars": [
                "\uEff4"
            ]
        },
        {
            "type": "bitmap",
            "file": "minecraft:gui/characters/pulluxx.png",
            "ascent": 15,
            "height": 20,
            "chars": [
                "\ue100"
            ]
        },
        {
            "type": "bitmap",
            "file": "minecraft:gui/characters/leroidesafk.png",
            "ascent": 25,
            "height": 30,
            "chars": [
                "\ue101"
            ]
        },
        {
            "type": "bitmap",
            "file": "minecraft:gui/characters/mr3dalien.png",
            "ascent": 25,
            "height": 30,
            "chars": [
                "\ue103"
            ]
        },
        {
            "type": "bitmap",
            "file": "minecraft:gui/characters/reking.png",
            "ascent": 14,
            "height": 25,
            "chars": [
                "\ue104"
            ]
        },
        {
            "type": "space",
            "advances": {
                "\ue000": -1
            }
        },
        {
            "type": "space",
            "advances": {
                "\ue001": -33
            }
        },
        {
            "type": "space",
            "advances": {
                "\ue002": 10
            }
        },
        {
            "type": "space",
            "advances": {
                "\ue003": 5
            }
        },
        {
            "type": "space",
            "advances": {
                "\ue004": 70
            }
        }
    ]
}