{
	"model": {
		"type": "minecraft:select",
		"property": "minecraft:custom_model_data",
		"cases": [
			{
				"when": "AJ_INTERNAL_EMPTY",
				"model": {
					"type": "minecraft:empty"
				}
			},
			{
				"when": "heart_flash",
				"model": {
					"type": "minecraft:model",
					"model": "animated_java:blueprint/kiss_me/heart_flash/not",
					"tints": [
						{"type": "minecraft:dye", "default": [1, 1, 1]}
					]
				}
			},
			{
				"when": "heart_divide",
				"model": {
					"type": "minecraft:model",
					"model": "animated_java:blueprint/kiss_me/heart_divide/not",
					"tints": [
						{"type": "minecraft:dye", "default": [1, 1, 1]}
					]
				}
			}
		],
		"fallback": {
			"type": "minecraft:model",
			"model": "animated_java:blueprint/kiss_me/not",
			"tints": [
				{"type": "minecraft:dye", "default": [1, 1, 1]}
			]
		}
	}
}