{
	"format_version": "1.21.11",
	"credit": "Made with Blockbench",
	"texture_size": [64, 64],
	"textures": {
		"0": "mmsmp:item/hats/swiss_hat",
		"particle": "mmsmp:item/hats/swiss_hat"
	},
	"elements": [
		{
			"from": [4, 0, 0],
			"to": [12, 1, 1],
			"rotation": {"x": 0, "y": 0, "z": 0, "origin": [0, 0, 3]},
			"faces": {
				"north": {"uv": [2.5, 6.75, 4.5, 7], "texture": "#0"},
				"east": {"uv": [4.5, 6.75, 4.75, 7], "texture": "#0"},
				"south": {"uv": [7, 0.5, 9, 0.75], "texture": "#0"},
				"west": {"uv": [4.75, 6.75, 5, 7], "texture": "#0"},
				"up": {"uv": [9, 1, 7, 0.75], "texture": "#0"},
				"down": {"uv": [9, 1, 7, 1.25], "texture": "#0"}
			}
		},
		{
			"from": [3, 0, 1],
			"to": [13, 1, 16],
			"rotation": {"x": 0, "y": 0, "z": 0, "origin": [0, 0, 5]},
			"faces": {
				"north": {"uv": [2.5, 6.25, 5, 6.5], "texture": "#0"},
				"east": {"uv": [7, 0, 10.75, 0.25], "texture": "#0"},
				"south": {"uv": [2.5, 6.5, 5, 6.75], "texture": "#0"},
				"west": {"uv": [7, 0.25, 10.75, 0.5], "texture": "#0"},
				"up": {"uv": [2.5, 3.75, 0, 0], "texture": "#0"},
				"down": {"uv": [5, 0, 2.5, 3.75], "texture": "#0"}
			}
		},
		{
			"from": [3, 1, 6],
			"to": [13, 5, 16],
			"rotation": {"x": 0, "y": 0, "z": 0, "origin": [0, 2, 9]},
			"faces": {
				"north": {"uv": [5, 4, 7.5, 5], "texture": "#0"},
				"east": {"uv": [5, 5, 7.5, 6], "texture": "#0"},
				"south": {"uv": [5, 6, 7.5, 7], "texture": "#0"},
				"west": {"uv": [0, 6.25, 2.5, 7.25], "texture": "#0"},
				"up": {"uv": [2.5, 6.25, 0, 3.75], "texture": "#0"},
				"down": {"uv": [5, 3.75, 2.5, 6.25], "texture": "#0"}
			}
		},
		{
			"from": [4, 5, 7],
			"to": [12, 6, 15],
			"rotation": {"x": 0, "y": 0, "z": 0, "origin": [0, 2, 7]},
			"faces": {
				"north": {"uv": [7, 1.25, 9, 1.5], "texture": "#0"},
				"east": {"uv": [7, 1.5, 9, 1.75], "texture": "#0"},
				"south": {"uv": [7, 1.75, 9, 2], "texture": "#0"},
				"west": {"uv": [7, 2, 9, 2.25], "texture": "#0"},
				"up": {"uv": [7, 2, 5, 0], "texture": "#0"},
				"down": {"uv": [7, 2, 5, 4], "texture": "#0"}
			}
		},
		{
			"from": [5.49, 0.99, 5.49],
			"to": [10.51, 5.01, 7.51],
			"rotation": {"x": 0, "y": 0, "z": 0, "origin": [-1.5, 1, 5.5]},
			"faces": {
				"north": {"uv": [7, 2.25, 8.25, 3.25], "texture": "#0"},
				"east": {"uv": [5, 7, 5.5, 8], "texture": "#0"},
				"south": {"uv": [2.5, 7, 3.75, 8], "texture": "#0"},
				"west": {"uv": [5.5, 7, 6, 8], "texture": "#0"},
				"up": {"uv": [8.25, 3.75, 7, 3.25], "texture": "#0"},
				"down": {"uv": [5, 7, 3.75, 7.5], "texture": "#0"}
			}
		}
	],
	"display": {
		"thirdperson_righthand": {
			"rotation": [1.17, 13.92, 2.46],
			"translation": [0, 4.25, 0],
			"scale": [0.5, 0.5, 0.5]
		},
		"thirdperson_lefthand": {
			"rotation": [1.17, 13.92, 2.46],
			"translation": [0, 4.25, 0],
			"scale": [0.5, 0.5, 0.5]
		},
		"firstperson_righthand": {
			"rotation": [5, 105, 0],
			"translation": [5.25, 4, -7.25]
		},
		"firstperson_lefthand": {
			"rotation": [5, 105, 0],
			"translation": [5.25, 4, -7.25]
		},
		"ground": {
			"translation": [0, 6, 0]
		},
		"gui": {
			"rotation": [17, 160, 1],
			"translation": [0, 4.5, 0]
		},
		"head": {
			"rotation": [5, 0, 0],
			"translation": [0, 15.5, -2.75],
			"scale": [1.5, 1.5, 1.5]
		},
		"fixed": {
			"translation": [0, 4.5, -2.75]
		},
		"on_shelf": {
			"rotation": [0, 180, 0]
		}
	},
	"groups": [
		{
			"name": "group",
			"origin": [8, 8, 8],
			"color": 0,
			"children": [0, 1, 2, 3, 4]
		}
	]
}