{
	"textures": {
		"0": "mmsmp:item/hats/affro",
		"particle": "mmsmp:item/hats/affro"
	},
	"elements": [
		{
			"from": [0.8, 13, 9],
			"to": [1.3, 14, 10],
			"rotation": {"angle": 45, "axis": "z", "origin": [0, 15, 5]},
			"faces": {
				"north": {"uv": [2.5, 7.75, 2.75, 8], "texture": "#0"},
				"east": {"uv": [2.75, 7.75, 3, 8], "texture": "#0"},
				"south": {"uv": [3, 7.75, 3.25, 8], "texture": "#0"},
				"west": {"uv": [3.25, 7.75, 3.5, 8], "texture": "#0"},
				"up": {"uv": [3.75, 8, 3.5, 7.75], "texture": "#0"},
				"down": {"uv": [4, 7.75, 3.75, 8], "texture": "#0"}
			}
		},
		{
			"from": [0, 3, 5],
			"to": [16, 15, 15],
			"faces": {
				"north": {"uv": [0, 0, 4, 3], "texture": "#0"},
				"east": {"uv": [4, 5, 6.5, 8], "texture": "#0"},
				"south": {"uv": [0, 3, 4, 6], "texture": "#0"},
				"west": {"uv": [0, 6, 2.5, 9], "texture": "#0"},
				"up": {"uv": [8, 2.5, 4, 0], "texture": "#0"},
				"down": {"uv": [8, 2.5, 4, 5], "texture": "#0"}
			}
		},
		{
			"from": [3, 1, 4.75],
			"to": [13, 9, 12.75],
			"faces": {
				"north": {"uv": [6.5, 5, 9, 7], "texture": "#0"},
				"east": {"uv": [2.5, 8, 4.5, 10], "texture": "#0"},
				"south": {"uv": [6.5, 7, 9, 9], "texture": "#0"},
				"west": {"uv": [4.5, 8, 6.5, 10], "texture": "#0"},
				"up": {"uv": [10.5, 2, 8, 0], "texture": "#0"},
				"down": {"uv": [10.5, 2, 8, 4], "texture": "#0"}
			}
		},
		{
			"from": [0.25, 15, 9.25],
			"to": [1.25, 16, 9.75],
			"rotation": {"angle": 45, "axis": "z", "origin": [0, 15, 5]},
			"faces": {
				"north": {"uv": [8.75, 4.5, 9, 4.75], "texture": "#0"},
				"east": {"uv": [8.75, 4.75, 9, 5], "texture": "#0"},
				"south": {"uv": [0, 9, 0.25, 9.25], "texture": "#0"},
				"west": {"uv": [0.25, 9, 0.5, 9.25], "texture": "#0"},
				"up": {"uv": [0.75, 9.25, 0.5, 9], "texture": "#0"},
				"down": {"uv": [1, 9, 0.75, 9.25], "texture": "#0"}
			}
		},
		{
			"from": [0, 16, 9.25],
			"to": [1.5, 17.75, 9.75],
			"rotation": {"angle": 45, "axis": "z", "origin": [0, 15, 5]},
			"faces": {
				"north": {"uv": [3.5, 6, 4, 6.5], "texture": "#0"},
				"east": {"uv": [2.5, 7, 2.75, 7.5], "texture": "#0"},
				"south": {"uv": [3.5, 6.5, 4, 7], "texture": "#0"},
				"west": {"uv": [2.75, 7, 3, 7.5], "texture": "#0"},
				"up": {"uv": [3.5, 7.25, 3, 7], "texture": "#0"},
				"down": {"uv": [4, 7, 3.5, 7.25], "texture": "#0"}
			}
		},
		{
			"from": [-1.25, 14, 9],
			"to": [2.5, 15, 10],
			"rotation": {"angle": 45, "axis": "z", "origin": [0, 15, 5]},
			"faces": {
				"north": {"uv": [2.5, 6, 3.5, 6.25], "texture": "#0"},
				"east": {"uv": [2.5, 7.5, 2.75, 7.75], "texture": "#0"},
				"south": {"uv": [2.5, 6.25, 3.5, 6.5], "texture": "#0"},
				"west": {"uv": [2.75, 7.5, 3, 7.75], "texture": "#0"},
				"up": {"uv": [3.5, 6.75, 2.5, 6.5], "texture": "#0"},
				"down": {"uv": [3.5, 6.75, 2.5, 7], "texture": "#0"}
			}
		},
		{
			"from": [-0.8, 13, 9],
			"to": [-0.3, 14, 10],
			"rotation": {"angle": 45, "axis": "z", "origin": [0, 15, 5]},
			"faces": {
				"north": {"uv": [8, 4, 8.25, 4.25], "texture": "#0"},
				"east": {"uv": [8, 4.25, 8.25, 4.5], "texture": "#0"},
				"south": {"uv": [8, 4.5, 8.25, 4.75], "texture": "#0"},
				"west": {"uv": [8, 4.75, 8.25, 5], "texture": "#0"},
				"up": {"uv": [8.5, 4.25, 8.25, 4], "texture": "#0"},
				"down": {"uv": [8.5, 4.25, 8.25, 4.5], "texture": "#0"}
			}
		},
		{
			"from": [0, 13, 9],
			"to": [0.5, 14, 10],
			"rotation": {"angle": 45, "axis": "z", "origin": [0, 15, 5]},
			"faces": {
				"north": {"uv": [8.25, 4.5, 8.5, 4.75], "texture": "#0"},
				"east": {"uv": [8.25, 4.75, 8.5, 5], "texture": "#0"},
				"south": {"uv": [8.5, 4, 8.75, 4.25], "texture": "#0"},
				"west": {"uv": [8.5, 4.25, 8.75, 4.5], "texture": "#0"},
				"up": {"uv": [8.75, 4.75, 8.5, 4.5], "texture": "#0"},
				"down": {"uv": [8.75, 4.75, 8.5, 5], "texture": "#0"}
			}
		},
		{
			"from": [1.55, 12, 9],
			"to": [2.3, 14, 10],
			"rotation": {"angle": 45, "axis": "z", "origin": [0, 15, 5]},
			"faces": {
				"north": {"uv": [3, 7.25, 3.25, 7.75], "texture": "#0"},
				"east": {"uv": [3.25, 7.25, 3.5, 7.75], "texture": "#0"},
				"south": {"uv": [3.5, 7.25, 3.75, 7.75], "texture": "#0"},
				"west": {"uv": [3.75, 7.25, 4, 7.75], "texture": "#0"},
				"up": {"uv": [9, 4.25, 8.75, 4], "texture": "#0"},
				"down": {"uv": [9, 4.25, 8.75, 4.5], "texture": "#0"}
			}
		}
	],
	"display": {
		"thirdperson_righthand": {
			"rotation": [75, 45, 0],
			"translation": [0, 2.5, 0],
			"scale": [0.375, 0.375, 0.375]
		},
		"thirdperson_lefthand": {
			"rotation": [75, 45, 0],
			"translation": [0, 2.5, 0],
			"scale": [0.375, 0.375, 0.375]
		},
		"firstperson_righthand": {
			"rotation": [0, 45, 0],
			"scale": [0.4, 0.4, 0.4]
		},
		"firstperson_lefthand": {
			"rotation": [0, 225, 0],
			"scale": [0.4, 0.4, 0.4]
		},
		"ground": {
			"translation": [0, 3, 0],
			"scale": [0.25, 0.25, 0.25]
		},
		"gui": {
			"rotation": [30, 225, 0],
			"scale": [0.625, 0.625, 0.625]
		},
		"head": {
			"translation": [0, 6.25, 0],
			"scale": [1.6, 1.6, 1.6]
		},
		"fixed": {
			"scale": [0.5, 0.5, 0.5]
		}
	},
	"groups": [
		{
			"name": "affro",
			"origin": [0, 0, 0],
			"color": 0,
			"children": [0, 1, 2]
		},
		{
			"name": "comb",
			"origin": [8, 8, 8],
			"color": 0,
			"children": [3, 4, 5, 6, 7, 8]
		}
	]
}