{
	"textures": {
		"1": "animated_java:blueprint/kiss_me/text_kiss_me2",
		"particle": "minecraft:item/pufferfish"
	},
	"display": {
		"head": {
			"rotation": [0, 180, 0]
		}
	},
	"elements": [
		{
			"from": [-4, 3.44828, 8],
			"to": [20, 12.55172, 8],
			"rotation": {
				"angle": 0,
				"axis": "y",
				"origin": [8, 8, 8]
			},
			"faces": {
				"north": {
					"uv": [7.75, 8.25, 15, 11],
					"texture": "#1"
				},
				"south": {
					"uv": [15, 8.25, 7.75, 11],
					"texture": "#1"
				}
			},
			"light_emission": 15
		}
	]
}