{
	"textures": {
		"6": "animated_java:blueprint/kiss_me/camera",
		"particle": "minecraft:item/pufferfish"
	},
	"display": {
		"head": {
			"rotation": [0, 180, 0]
		}
	},
	"elements": [
		{
			"from": [2.6, 3.975, 11],
			"to": [12.6, 10.975, 15],
			"rotation": {
				"angle": 0,
				"axis": "y",
				"origin": [7.6, 9.975, 13]
			},
			"faces": {
				"north": {
					"uv": [0.5, 4.5, 5.5, 8],
					"texture": "#6"
				},
				"east": {
					"uv": [5.5, 4.5, 7.5, 8],
					"texture": "#6"
				},
				"south": {
					"uv": [12.5, 4.5, 7.5, 8],
					"texture": "#6"
				},
				"west": {
					"uv": [7.5, 4.5, 5.5, 8],
					"texture": "#6"
				},
				"up": {
					"uv": [5, 2.5, 10, 4.5],
					"texture": "#6"
				},
				"down": {
					"uv": [10, 2.5, 15, 4.5],
					"texture": "#6"
				}
			}
		},
		{
			"from": [2.6, 3.975, 11],
			"to": [12.6, 10.975, 15],
			"rotation": {
				"angle": 0,
				"axis": "y",
				"origin": [7.6, 9.975, 13]
			},
			"faces": {
				"north": {
					"uv": [3.5, 11.5, 8.5, 15],
					"texture": "#6",
					"tintindex": 0
				},
				"east": {
					"uv": [8.5, 11.5, 10.5, 15],
					"texture": "#6",
					"tintindex": 0
				},
				"south": {
					"uv": [15.5, 11.5, 10.5, 15],
					"texture": "#6",
					"tintindex": 0
				},
				"west": {
					"uv": [10.5, 11.5, 8.5, 15],
					"texture": "#6",
					"tintindex": 0
				}
			}
		},
		{
			"from": [10.6, 11.225, 12],
			"to": [12.6, 11.225, 14],
			"rotation": {
				"angle": 0,
				"axis": "y",
				"origin": [7.6, 9.975, 13]
			},
			"faces": {
				"up": {
					"uv": [3.5, 3, 4, 3.5],
					"texture": "#6"
				},
				"down": {
					"uv": [3.5, 3, 4, 3.5],
					"texture": "#6"
				}
			}
		},
		{
			"from": [5.1, 10.975, 12],
			"to": [10.1, 12.975, 15],
			"rotation": {
				"angle": 0,
				"axis": "y",
				"origin": [8.1, 9.975, 13]
			},
			"faces": {
				"north": {
					"uv": [5, 1.5, 7.5, 2.5],
					"texture": "#6"
				},
				"east": {
					"uv": [1, 1.5, 2.5, 2.5],
					"texture": "#6"
				},
				"south": {
					"uv": [5, 0.5, 7.5, 1.5],
					"texture": "#6"
				},
				"west": {
					"uv": [2.5, 1.5, 1, 2.5],
					"texture": "#6"
				},
				"up": {
					"uv": [2.5, 1, 5, 2.5],
					"texture": "#6"
				}
			}
		},
		{
			"from": [5.6, 4.975, 6],
			"to": [9.6, 8.975, 11],
			"rotation": {
				"angle": 0,
				"axis": "y",
				"origin": [7.6, 6.975, 9]
			},
			"faces": {
				"east": {
					"uv": [0.5, 2.5, 3, 4.5],
					"texture": "#6"
				},
				"west": {
					"uv": [0.5, 2.5, 3, 4.5],
					"rotation": 180,
					"texture": "#6"
				},
				"up": {
					"uv": [0.5, 2.5, 3, 4.5],
					"rotation": 270,
					"texture": "#6"
				},
				"down": {
					"uv": [0.5, 2.5, 3, 4.5],
					"rotation": 90,
					"texture": "#6"
				}
			}
		},
		{
			"from": [5.6, 4.975, 7],
			"to": [9.6, 8.975, 7],
			"rotation": {
				"angle": 0,
				"axis": "y",
				"origin": [7.6, 6.975, 9]
			},
			"faces": {
				"north": {
					"uv": [3, 2.5, 5, 4.5],
					"texture": "#6"
				},
				"south": {
					"uv": [5, 2.5, 3, 4.5],
					"texture": "#6"
				}
			}
		},
		{
			"from": [5.5, 4.875, 8.9],
			"to": [9.7, 9.075, 10.1],
			"rotation": {
				"angle": 0,
				"axis": "y",
				"origin": [7.6, 6.975, 9]
			},
			"faces": {
				"east": {
					"uv": [2, 2.5, 3, 4.5],
					"texture": "#6"
				},
				"west": {
					"uv": [2, 2.5, 3, 4.5],
					"texture": "#6"
				},
				"up": {
					"uv": [2, 2.5, 3, 4.5],
					"rotation": 90,
					"texture": "#6"
				},
				"down": {
					"uv": [2, 2.5, 3, 4.5],
					"rotation": 90,
					"texture": "#6"
				}
			}
		},
		{
			"from": [9.7, 9.075, 8.1],
			"to": [5.5, 4.875, 5.9],
			"rotation": {
				"angle": 0,
				"axis": "y",
				"origin": [7.6, 6.975, 9]
			},
			"faces": {
				"east": {
					"uv": [2, 4.5, 3, 2.5],
					"texture": "#6"
				},
				"west": {
					"uv": [2, 4.5, 3, 2.5],
					"texture": "#6"
				},
				"up": {
					"uv": [2, 4.5, 3, 2.5],
					"rotation": 90,
					"texture": "#6"
				},
				"down": {
					"uv": [2, 4.5, 3, 2.5],
					"rotation": 90,
					"texture": "#6"
				}
			}
		},
		{
			"from": [9.6, 8.975, 11],
			"to": [5.6, 4.975, 6],
			"rotation": {
				"angle": 0,
				"axis": "y",
				"origin": [7.6, 6.975, 9]
			},
			"faces": {
				"east": {
					"uv": [0.5, 4.5, 3, 2.5],
					"rotation": 180,
					"texture": "#6"
				},
				"west": {
					"uv": [0.5, 4.5, 3, 2.5],
					"texture": "#6"
				},
				"up": {
					"uv": [0.5, 4.5, 3, 2.5],
					"rotation": 90,
					"texture": "#6"
				},
				"down": {
					"uv": [0.5, 4.5, 3, 2.5],
					"rotation": 270,
					"texture": "#6"
				}
			}
		},
		{
			"from": [5.5, 4.875, 5.9],
			"to": [9.7, 9.075, 8.1],
			"rotation": {
				"angle": 0,
				"axis": "y",
				"origin": [7.6, 6.975, 9]
			},
			"faces": {
				"east": {
					"uv": [2, 2.5, 3, 4.5],
					"texture": "#6"
				},
				"west": {
					"uv": [2, 2.5, 3, 4.5],
					"texture": "#6"
				},
				"up": {
					"uv": [2, 2.5, 3, 4.5],
					"rotation": 90,
					"texture": "#6"
				},
				"down": {
					"uv": [2, 2.5, 3, 4.5],
					"rotation": 90,
					"texture": "#6"
				}
			}
		}
	]
}