{
	"textures": {
		"5": "animated_java:blueprint/kiss_me/text_kiss_me3",
		"particle": "minecraft:item/pufferfish"
	},
	"display": {
		"head": {
			"rotation": [0, 180, 0]
		}
	},
	"elements": [
		{
			"from": [-4, 3.875, 8],
			"to": [20, 12.125, 8],
			"rotation": {
				"angle": 0,
				"axis": "y",
				"origin": [8, 8, 8]
			},
			"faces": {
				"north": {
					"uv": [7.5, 0, 15.5, 2.75],
					"texture": "#5"
				},
				"south": {
					"uv": [7.5, 0, 15.5, 2.75],
					"texture": "#5"
				}
			},
			"light_emission": 15
		}
	]
}