{
	"textures": {
		"5": "animated_java:blueprint/kiss_me/text_kiss_me3",
		"particle": "minecraft:item/pufferfish"
	},
	"display": {
		"head": {
			"rotation": [0, 180, 0]
		}
	},
	"elements": [
		{
			"from": [-3, 2.5, 8],
			"to": [19, 13.5, 8],
			"rotation": {
				"angle": 0,
				"axis": "y",
				"origin": [8, 8, 8]
			},
			"faces": {
				"north": {
					"uv": [0, 2.75, 5.5, 5.5],
					"texture": "#5"
				},
				"south": {
					"uv": [5.5, 2.75, 0, 5.5],
					"texture": "#5"
				}
			},
			"light_emission": 15
		}
	]
}