{
	"textures": {
		"2": "animated_java:blueprint/kiss_me/heart",
		"particle": "minecraft:item/pufferfish"
	},
	"display": {
		"head": {
			"rotation": [0, 180, 0]
		}
	},
	"elements": [
		{
			"from": [3.5, 8, 8],
			"to": [12.5, 17, 8],
			"rotation": {
				"angle": 0,
				"axis": "y",
				"origin": [14.5, 13.5, 8]
			},
			"faces": {
				"north": {
					"uv": [8, 0, 16, 8],
					"texture": "#2"
				},
				"south": {
					"uv": [8, 0, 16, 8],
					"texture": "#2"
				}
			},
			"light_emission": 15
		}
	]
}