{
	"textures": {
		"1": "animated_java:blueprint/kiss_me/text_kiss_me2",
		"particle": "minecraft:item/pufferfish"
	},
	"display": {
		"head": {
			"rotation": [0, 180, 0]
		}
	},
	"elements": [
		{
			"from": [-2, 2.5, 8],
			"to": [18, 13.5, 8],
			"rotation": {
				"angle": 0,
				"axis": "y",
				"origin": [9, 8, 8]
			},
			"faces": {
				"north": {
					"uv": [6, 5.5, 11, 8.25],
					"texture": "#1"
				},
				"south": {
					"uv": [11, 5.5, 6, 8.25],
					"texture": "#1"
				}
			},
			"light_emission": 15
		}
	]
}