{
	"textures": {
		"0": "animated_java:blueprint/kiss_me/text_kiss_me1",
		"particle": "minecraft:item/pufferfish"
	},
	"display": {
		"head": {
			"rotation": [0, 180, 0]
		}
	},
	"elements": [
		{
			"from": [-4, 3.42857, 8],
			"to": [20, 12.57143, 8],
			"rotation": {
				"angle": 0,
				"axis": "y",
				"origin": [8, 8, 8]
			},
			"faces": {
				"north": {
					"uv": [0, 5.5, 10.5, 9.5],
					"texture": "#0"
				},
				"south": {
					"uv": [10.5, 5.5, 0, 9.5],
					"texture": "#0"
				}
			},
			"light_emission": 15
		}
	]
}