{
	"textures": {
		"0": "animated_java:blueprint/kiss_me/text_kiss_me1",
		"particle": "minecraft:item/pufferfish"
	},
	"display": {
		"head": {
			"rotation": [0, 180, 0]
		}
	},
	"elements": [
		{
			"from": [-4, 3.28571, 8],
			"to": [20, 12.71429, 8],
			"rotation": {
				"angle": 0,
				"axis": "y",
				"origin": [5.42857, 8, 8]
			},
			"faces": {
				"north": {
					"uv": [6.75, 12.25, 13.75, 15],
					"texture": "#0"
				},
				"south": {
					"uv": [13.75, 12.25, 6.75, 15],
					"texture": "#0"
				}
			},
			"light_emission": 15
		}
	]
}