{
	"textures": {
		"0": "animated_java:blueprint/kiss_me/text_kiss_me1",
		"particle": "minecraft:item/pufferfish"
	},
	"display": {
		"head": {
			"rotation": [0, 180, 0]
		}
	},
	"elements": [
		{
			"from": [7, 8, 7],
			"to": [11, 12, 7],
			"rotation": {
				"angle": 0,
				"axis": "y",
				"origin": [8, 8, 8]
			},
			"faces": {
				"north": {
					"uv": [14.5, 1.75, 15.5, 2.75],
					"texture": "#0"
				},
				"south": {
					"uv": [15.5, 1.75, 14.5, 2.75],
					"texture": "#0"
				}
			},
			"light_emission": 15
		}
	]
}