{
	"textures": {
		"1": "animated_java:blueprint/kiss_me/text_kiss_me2",
		"particle": "minecraft:item/pufferfish"
	},
	"display": {
		"head": {
			"rotation": [0, 180, 0]
		}
	},
	"elements": [
		{
			"from": [-4, 5.55556, 8],
			"to": [20, 11.77778, 8],
			"rotation": {
				"angle": 0,
				"axis": "y",
				"origin": [-0.66667, 8, 8]
			},
			"faces": {
				"north": {
					"uv": [0, 11, 13.5, 14.5],
					"texture": "#1"
				},
				"south": {
					"uv": [13.5, 11, 0, 14.5],
					"texture": "#1"
				}
			},
			"light_emission": 15
		}
	]
}