{
	"textures": {
		"1": "animated_java:blueprint/kiss_me/text_kiss_me2",
		"particle": "minecraft:item/pufferfish"
	},
	"display": {
		"head": {
			"rotation": [0, 180, 0]
		}
	},
	"elements": [
		{
			"from": [0.5, 2.5, 8],
			"to": [15.5, 13.5, 8],
			"rotation": {
				"angle": 0,
				"axis": "y",
				"origin": [8, 8, 8]
			},
			"faces": {
				"north": {
					"uv": [11.25, 5.5, 15, 8.25],
					"texture": "#1"
				},
				"south": {
					"uv": [15, 5.5, 11.25, 8.25],
					"texture": "#1"
				}
			},
			"light_emission": 15
		}
	]
}