{
	"textures": {
		"0": "animated_java:blueprint/kiss_me/text_kiss_me1",
		"particle": "minecraft:item/pufferfish"
	},
	"display": {
		"head": {
			"rotation": [0, 180, 0]
		}
	},
	"elements": [
		{
			"from": [-4, 3.44828, 8.41379],
			"to": [20, 12.55172, 8.41379],
			"rotation": {
				"angle": 0,
				"axis": "y",
				"origin": [5.10345, 8, 8.41379]
			},
			"faces": {
				"north": {
					"uv": [6.75, 9.5, 14, 12.25],
					"texture": "#0"
				},
				"south": {
					"uv": [14, 9.5, 6.75, 12.25],
					"texture": "#0"
				}
			},
			"light_emission": 15
		}
	]
}