{
	"textures": {
		"0": "animated_java:blueprint/kiss_me/text_kiss_me1",
		"particle": "minecraft:item/pufferfish"
	},
	"display": {
		"head": {
			"rotation": [0, 180, 0]
		}
	},
	"elements": [
		{
			"from": [0.5, 2.5, 8],
			"to": [15.5, 13.5, 8],
			"rotation": {
				"angle": 0,
				"axis": "y",
				"origin": [1.5, 2.5, 9]
			},
			"faces": {
				"north": {
					"uv": [12, 2.75, 15.75, 5.5],
					"texture": "#0"
				},
				"south": {
					"uv": [15.75, 2.75, 12, 5.5],
					"texture": "#0"
				}
			},
			"light_emission": 15
		}
	]
}