{
	"textures": {
		"0": "animated_java:blueprint/kiss_me/text_kiss_me1",
		"particle": "minecraft:item/pufferfish"
	},
	"display": {
		"head": {
			"rotation": [0, 180, 0]
		}
	},
	"elements": [
		{
			"from": [-3, 2.5, 8],
			"to": [19, 13.5, 8],
			"rotation": {
				"angle": 0,
				"axis": "y",
				"origin": [8, 8, 8]
			},
			"faces": {
				"north": {
					"uv": [6.25, 2.75, 11.75, 5.5],
					"texture": "#0"
				},
				"south": {
					"uv": [11.75, 2.75, 6.25, 5.5],
					"texture": "#0"
				}
			},
			"light_emission": 15
		}
	]
}