{
	"textures": {
		"1": "animated_java:blueprint/present/0",
		"particle": "minecraft:item/pufferfish"
	},
	"display": {
		"head": {
			"rotation": [0, 180, 0]
		}
	},
	"elements": [
		{
			"from": [6.5, 8, 6.5],
			"to": [9.5, 15, 9.5],
			"rotation": {
				"angle": 0,
				"axis": "y",
				"origin": [5, -1, 6]
			},
			"faces": {
				"north": {
					"uv": [2.5, 0, 2.75, 1],
					"texture": "#1"
				},
				"east": {
					"uv": [2.5, 0, 2.75, 1],
					"texture": "#1"
				},
				"south": {
					"uv": [2.5, 0, 2.75, 1],
					"texture": "#1"
				},
				"west": {
					"uv": [2.5, 0, 2.75, 1],
					"texture": "#1"
				}
			},
			"light_emission": 15
		}
	]
}